model,roc_auc,pr_auc,precision,recall,f1_score,true_negative,false_positive,false_negative,true_positive,training_seconds
xgboost_v3_leakage_safe,0.9986554526751542,0.9970602915069751,0.9985052316890882,0.9970149253731343,0.9977595220313666,209044,1,2,668,22.61
random_forest_v3_leakage_safe,0.9990515717711284,0.9970444787421056,1.0,0.9970149253731343,0.9985052316890882,209045,0,2,668,78.13
lightgbm_v3_leakage_safe,0.9958297024528391,0.9940841190375376,0.9794117647058823,0.9940298507462687,0.9866666666666667,209031,14,4,666,17.03
