feature_set,method,evaluation_fold,rows,fraud_count,brier_score,log_loss,ece_10_bins,calibration_slope,calibration_intercept,mean_predicted_probability,actual_fraud_rate
base_only,uncalibrated,3,104858,42,0.003240669023939575,0.012179350407401097,0.00597761863050159,0.6717283329263549,-4.52247814204364,0.006378160315446944,0.0004005416849453547
base_only,sigmoid,3,104858,42,0.0003552233732225999,0.001910422767972427,0.000794304009559683,1.3356979899922687,-0.33081441084022234,0.001172006727860092,0.0004005416849453547
base_only,isotonic,3,104858,42,0.000323046720167585,0.0018749208614490705,0.0007535049128438554,1.323923843154919,-0.21115602805509512,0.001150231915075445,0.0004005416849453547
base_plus_graph,uncalibrated,3,104858,42,0.005411302985333431,0.01903985149528164,0.010363151160995596,0.7202335012440702,-4.806296700967817,0.010763692845940953,0.0004005416849453547
base_plus_graph,sigmoid,3,104858,42,0.0003655996130431699,0.0020732344380526876,0.0008183498796860536,1.313087993778372,-0.3411023632636847,0.0011957737816637654,0.0004005416849453547
base_plus_graph,isotonic,3,104858,42,0.0003322034126404991,0.001986711465269657,0.0007321304719597016,1.2811298092028505,-0.22762883448570362,0.0011326721569050564,0.0004005416849453547
