feature_set,profile,threshold,precision,recall,f1_score,true_negative,false_positive,false_negative,true_positive,alert_count,fraud_count
base_only,max_f1,0.9878057241439819,0.46368715083798884,0.350210970464135,0.39903846153846156,314240,96,154,83,179,237
base_only,recall_at_least_0.50,0.5432192087173462,0.12373225152129817,0.5147679324894515,0.19950940310711365,313472,864,115,122,986,237
base_only,recall_at_least_0.70,0.1208239421248436,0.056968463886063074,0.7088607594936709,0.10546139359698682,311555,2781,69,168,2949,237
base_plus_graph,max_f1,0.9919075965881348,0.693069306930693,0.29535864978902954,0.41420118343195267,314305,31,167,70,101,237
base_plus_graph,recall_at_least_0.50,0.8621820211410522,0.1856474258970359,0.5021097046413502,0.27107061503416857,313814,522,118,119,641,237
base_plus_graph,recall_at_least_0.70,0.3042881488800049,0.057538994800693244,0.70042194092827,0.10634208840486867,311617,2719,71,166,2885,237
