{
  "base_only": {
    "feature_set": "base_only",
    "config_id": 12,
    "feature_count": 9,
    "max_depth": 8,
    "learning_rate": 0.05,
    "reg_lambda": 5.0,
    "n_estimators": 350,
    "fold_1_pr_auc": 0.3884804148664584,
    "fold_2_pr_auc": 0.3727790494614978,
    "fold_3_pr_auc": 0.40223900451230404,
    "mean_pr_auc": 0.3878328229467534,
    "std_pr_auc": 0.01474065023564874,
    "min_pr_auc": 0.3727790494614978,
    "max_pr_auc": 0.40223900451230404,
    "stability_score": 0.38414766038784126,
    "training_seconds": 50.41
  },
  "base_plus_graph": {
    "feature_set": "base_plus_graph",
    "config_id": 7,
    "feature_count": 16,
    "max_depth": 6,
    "learning_rate": 0.05,
    "reg_lambda": 1.0,
    "n_estimators": 350,
    "fold_1_pr_auc": 0.416912183293963,
    "fold_2_pr_auc": 0.3967151469865527,
    "fold_3_pr_auc": 0.3811461314924339,
    "mean_pr_auc": 0.39825782059098325,
    "std_pr_auc": 0.017932860807879217,
    "min_pr_auc": 0.3811461314924339,
    "max_pr_auc": 0.416912183293963,
    "stability_score": 0.39377460538901343,
    "training_seconds": 50.17
  }
}