fold,feature_set,feature_count,train_rows,validation_rows,train_fraud,validation_fraud,threshold,pr_auc,roc_auc,precision,recall,f1_score,true_negative,false_positive,false_negative,true_positive,training_seconds
1,base_only,9,524287,104858,235,148,0.9604654312133789,0.39701512559815594,0.9890160920637953,0.5822784810126582,0.3108108108108108,0.4052863436123348,104677,33,102,46,10.88
1,base_plus_graph,16,524287,104858,235,148,0.9108564257621765,0.4308906523170724,0.9880180008104752,0.6282051282051282,0.3310810810810811,0.4336283185840708,104681,29,99,49,11.45
2,base_only,9,629145,104857,383,47,0.9957330822944641,0.3782316036346021,0.9889658490439641,0.9333333333333333,0.2978723404255319,0.45161290322580644,104809,1,33,14,13.82
2,base_plus_graph,16,629145,104857,383,47,0.9922736287117004,0.39613009413693684,0.9837477948953223,0.6,0.3829787234042553,0.4675324675324675,104798,12,29,18,13.57
3,base_only,9,734002,104858,430,42,0.9919793605804443,0.374369665143167,0.9955037989474526,0.43478260869565216,0.47619047619047616,0.45454545454545453,104790,26,22,20,15.65
3,base_plus_graph,16,734002,104858,430,42,0.9945132732391357,0.36332133002208095,0.9924716146571588,0.4722222222222222,0.40476190476190477,0.4358974358974359,104797,19,25,17,17.0
